<?xml version="1.0"?>
<Rates>
    <ExchangeRates>
        <BaseCurrency>USD</BaseCurrency>
        <Rate>
            <Currency>EUR</Currency>
            <Value>0.85</Value>
            <RequestTime>1970-01-01 00:00:00</RequestTime>
        </Rate>
        <Rate>
            <Currency>GBP</Currency>
            <Value>0.73</Value>
            <RequestTime>1970-01-01 00:00:00</RequestTime>
        </Rate>
        <Rate>
            <Currency>JPY</Currency>
            <Value>109.23</Value>
            <RequestTime>1970-01-01 00:00:00</RequestTime>
        </Rate>
        <Rate>
            <Currency>AUD</Currency>
            <Value>1.36</Value>
            <RequestTime>1970-01-01 00:00:00</RequestTime>
        </Rate>
    </ExchangeRates>
    <ExchangeRates>
        <BaseCurrency>GBP</BaseCurrency>
        <Rate>
            <Currency>EUR</Currency>
            <Value>1.16</Value>
            <RequestTime>2024-02-17 11:00:00</RequestTime>
        </Rate>
        <Rate>
            <Currency>USD</Currency>
            <Value>1.37</Value>
            <RequestTime>2024-02-17 11:00:00</RequestTime>
        </Rate>
        <Rate>
            <Currency>JPY</Currency>
            <Value>149.15</Value>
            <RequestTime>2024-02-17 11:00:00</RequestTime>
        </Rate>
        <Rate>
            <Currency>AUD</Currency>
            <Value>1.88</Value>
            <RequestTime>2024-02-17 11:00:00</RequestTime>
        </Rate>
    </ExchangeRates>
    <ExchangeRates>
        <BaseCurrency>EUR</BaseCurrency>
        <Rate>
            <Currency>USD</Currency>
            <Value>1.18</Value>
            <RequestTime>2024-02-17 12:30:00</RequestTime>
        </Rate>
        <Rate>
            <Currency>GBP</Currency>
            <Value>0.86</Value>
            <RequestTime>2024-02-17 12:30:00</RequestTime>
        </Rate>
        <Rate>
            <Currency>JPY</Currency>
            <Value>128.45</Value>
            <RequestTime>2024-02-17 12:30:00</RequestTime>
        </Rate>
        <Rate>
            <Currency>AUD</Currency>
            <Value>1.53</Value>
            <RequestTime>2024-02-17 12:30:00</RequestTime>
        </Rate>
    </ExchangeRates>

    <ExchangeRates>
        <BaseCurrency>KE</BaseCurrency>
        <Rate>
            <Currency>EUR</Currency>
            <Value>0.85</Value>
            <RequestTime>1970-01-01 00:00:00</RequestTime>
        </Rate>
        <Rate>
            <Currency>GBP</Currency>
            <Value>0.73</Value>
            <RequestTime>1970-01-01 00:00:00</RequestTime>
        </Rate>
        <Rate>
            <Currency>JPY</Currency>
            <Value>109.23</Value>
            <RequestTime>1970-01-01 00:00:00</RequestTime>
        </Rate>
        <Rate>
            <Currency>AUD</Currency>
            <Value>1.36</Value>
            <RequestTime>1970-01-01 00:00:00</RequestTime>
        </Rate>
    </ExchangeRates>
    <ExchangeRates>
        <BaseCurrency>KES</BaseCurrency>
        <Rate>
            <Currency>EUR</Currency>
            <Value>0.85</Value>
            <RequestTime>1970-01-01 00:00:00</RequestTime>
        </Rate>
        <Rate>
            <Currency>GBP</Currency>
            <Value>0.73</Value>
            <RequestTime>1970-01-01 00:00:00</RequestTime>
        </Rate>
        <Rate>
            <Currency>JPY</Currency>
            <Value>109.23</Value>
            <RequestTime>1970-01-01 00:00:00</RequestTime>
        </Rate>
        <Rate>
            <Currency>AUD</Currency>
            <Value>1.36</Value>
            <RequestTime>1970-01-01 00:00:00</RequestTime>
        </Rate>
    </ExchangeRates>
    <ExchangeRates>
        <BaseCurrency>AUD</BaseCurrency>
        <Rate>
            <Currency>EUR</Currency>
            <Value>0.85</Value>
            <RequestTime>1970-01-01 00:00:00</RequestTime>
        </Rate>
        <Rate>
            <Currency>GBP</Currency>
            <Value>0.73</Value>
            <RequestTime>1970-01-01 00:00:00</RequestTime>
        </Rate>
        <Rate>
            <Currency>JPY</Currency>
            <Value>109.23</Value>
            <RequestTime>1970-01-01 00:00:00</RequestTime>
        </Rate>
        <Rate>
            <Currency>AUD</Currency>
            <Value>1.36</Value>
            <RequestTime>1970-01-01 00:00:00</RequestTime>
        </Rate>
    </ExchangeRates>
    <ExchangeRates>
        <BaseCurrency>BRL</BaseCurrency>
        <Rate>
            <Currency>EUR</Currency>
            <Value>0.85</Value>
            <RequestTime>1970-01-01 00:00:00</RequestTime>
        </Rate>
        <Rate>
            <Currency>GBP</Currency>
            <Value>0.73</Value>
            <RequestTime>1970-01-01 00:00:00</RequestTime>
        </Rate>
        <Rate>
            <Currency>JPY</Currency>
            <Value>109.23</Value>
            <RequestTime>1970-01-01 00:00:00</RequestTime>
        </Rate>
        <Rate>
            <Currency>AUD</Currency>
            <Value>1.36</Value>
            <RequestTime>1970-01-01 00:00:00</RequestTime>
        </Rate>
    </ExchangeRates>
</Rates>
